Aikido,Acro Paragliding,Backgammon,Anti-aging,Cooking class,Adventure tour,Babymoon trip
All-terrain vehicle racing,Aerobatics,Billiard,Aqua Fitness,Beach holidays,Art,Backpacking with children
Alpine skiing,Air racing,Blackjack,Autogenic Training,Beer festival,Art tour,Holiday with children
American football,Ballooning,Board games,Ayurveda,Food tour,Baloon tours,Holiday with baby
Archery,Banzai skydiving,Bridge,Burn out,Meditation,Birdwatching,Holiday with toddler
Bachata,BASE jumping,Card games,Cardiovascular Fitness,Nightlife,Caravan tour,One parent holiday with children
Backpacking (wilderness),Big Wave Surfing,Checkers,Chinese Medicine,Party,Cultural tour,Theme Parks
Badminton,Bungee Jumping,Chess,De-stress,Wine tasting,Eco tour,
Ballet,Canyoning,Chinese Checkers,Detox,,Educational tours ,
Ballroom dance,Cliff-Diving,Clue,Fango,,Festival tour,
Baseball,Expeditions,Dominoes,Fasting,,Jazz,
Basketball,Gliding,Doppelkopf,Healing,,Language vacation,
Basketball 3x3,Hang gliding,Monopoly,Healthy back cure,,Literature,
Beach football,Novuss,Juice Detox,,Literature tour,
Beach Volleyball,Human powered aircraft,Poker,Medical Ceckup,,Museums,
Belly dance,Ice Climbing,Quizzing,Medical Wellness,,Music Festival,
Biathlon,Ice swimming,Risk,Metabolic Balance,,Opera,
Big-game fishing,Model aircraft,Rummy,Pilates,,Photography,
BMX,Mountain Flying,Scrabble,Qi Gong,,Pop music,
Bossaball,Parachuting,Snooker,Self-discovery,,Rock music,
Boxing,Paragliding,Speedcubing,Silent retreats,,RV tour,
Breakdancing,Parakiting,Sudoku,SPA holidays,,Safari,
Canoeing,Paramotoring,Uno,Spiritual & Holistic,,Sightseeing tour,
Capoeira,Powered  paragliding,,Thalasso,,Theater,
Cricket,Powered hang gliding,,Thermal cure,,Volunteering tour,
Cross-country running,Rock Climbing,,Traditional healing rituals,,Wildlife watching,
Cross-country skiing,Rockrunning,,Vegan,,,
Curling,Scootering,,Weight Loss,,,
Cycling,Skateboarding,,Wellness holidays,,,
Dancing,Skydiving,,Yoga,,,
Diving,Skysurfing,,,,,
Enduro,Snow kiting,,,,,
Fishing,Surfing,,,,,
Fistball,Ultralight aviation,,,,,
Flamenco,Wakeboarding,,,,,
Floorball,Wakesurfing,,,,,
Footbag net,Whitewater kayaking,,,,,
Football,Whitewater rafting,,,,,
Footvolley,Windsurfing,,,,,
Freediving,Wingsuit flying,,,,,
Freestyle Motocross,,,,,,
Frisbee,,,,,,
Geocaching,,,,,,
Golf,,,,,,
Half marathon,,,,,,
Handball,,,,,,
Hiking,,,,,,
Horse racing,,,,,,
Horse riding,,,,,,
Hunting,,,,,,
Ice hockey,,,,,,
Jogging,,,,,,
Judo,,,,,,
Karate,,,,,,
Kayaking,,,,,,
Kickboxing,,,,,,
Kung Fu,,,,,,
Laser tag,,,,,,
Latin dance,,,,,,
Line dance,,,,,,
Marathon,,,,,,
Model Cars,,,,,,
Modern dance,,,,,,
Motorboat racing,,,,,,
Motorcycle racing,,,,,,
Mountain biking,,,,,,
Muay Thai,,,,,,
Nordic Walking,,,,,,
Orienteering,,,,,,
Outdoor Activities,,,,,,
Paintball,,,,,,
Polo,,,,,,
Racing,,,,,,
Rafting,,,,,,
Rallying,,,,,,
Rowing,,,,,,
Rugby,,,,,,
Running,,,,,,
Sailing,,,,,,
Salsa,,,,,,
Scuba Diving,,,,,,
Shooting sports,,,,,,
Skating,,,,,,
Skiing,,,,,,
Skijoring,,,,,,
Snorkelling,,,,,,
Snowboarding,,,,,,
Speedminton,,,,,,
Squash,,,,,,
Step dance,,,,,,
Streetball,,,,,,
Swimming,,,,,,
Swing,,,,,,
Table Tennis,,,,,,
Taekwondo,,,,,,
Tai Chi,,,,,,
Tango,,,,,,
Tenniss,,,,,,
Triathlon,,,,,,
Underwater photography,,,,,,
Unicycling,,,,,,
Volleyball,,,,,,
Walking,,,,,,
Waltz,,,,,,
Water polo,,,,,,
Waterskiing,,,,,,
Zumba,,,,,,